﻿<?xml version="1.0" encoding="utf-8"?>
<!--Created:cb85b80c-f585-40ff-8bfc-12ff4d0e34a9-->
<App xmlns="http://schemas.microsoft.com/sharepoint/2012/app/manifest" Name="SiteCollectionCreation" ProductID="{6bac8f53-a83d-40b1-a8e1-efd7b1bec584}" Version="1.0.0.0" SharePointMinVersion="15.0.0.0">
  <Properties>
    <Title>SiteCollectionCreation</Title>
    <StartPage>https://localhost:44338/Pages/Default.aspx?{StandardTokens}</StartPage>
  </Properties>
  <AppPrincipal>
    <AutoDeployedWebApplication>
      <DebugInfo ClientSecret="arO3h4rTZzh00eDXxJqValYCgVWYKJkaD5TkyDt465U=" AppUrl="https://localhost:44338/" />
    </AutoDeployedWebApplication>
  </AppPrincipal>
  <AppPermissionRequests AllowAppOnlyPolicy="true"></AppPermissionRequests>
</App>