﻿<?xml version="1.0" encoding="utf-8"?>
<doc>
    <assembly>
        <name>Microsoft.IdentityModel.Clients.ActiveDirectory</name>
    </assembly>
    <members>
        <member name="T:Microsoft.IdentityModel.Clients.ActiveDirectory.AdalTrace">
            <summary>
            This class enables/disables tracing. To enable tracing, set TraceLevel to any level other than None which is the default
            </summary>
        </member>
        <member name="P:Microsoft.IdentityModel.Clients.ActiveDirectory.AdalTrace.Level">
            <summary>
            Sets/gets trace level. If set to None, it disables the logging.
            </summary>
        </member>
        <member name="T:Microsoft.IdentityModel.Clients.ActiveDirectory.AdalTraceLevel">
            <summary>
            Trace level for logging.
            </summary>
        </member>
        <member name="T:Microsoft.IdentityModel.Clients.ActiveDirectory.AuthenticationContextDelegate">
            <summary>
            Optional delegate that can be defined by the developer to process the result of acquire token requests.
            </summary>
            <param name="result">Authentication result instance received from acquire token call</param>
        </member>
        <member name="T:Microsoft.IdentityModel.Clients.ActiveDirectory.AuthenticationContext">
            <summary>
            The main class representing the authority issuing tokens for resources.
            </summary>
            <summary>
            The AuthenticationContext class retrieves authentication tokens from Azure Active Directory and ADFS services.
            </summary>
        </member>
        <member name="M:Microsoft.IdentityModel.Clients.ActiveDirectory.AuthenticationContext.CreateAsync(System.String)">
            <summary>
            Constructor to create the context with the address of the authority.
            Using this constructor will turn ON validation of the authority URL by default if validation is supported for the authority address.
            </summary>
            <param name="authority">Address of the authority to issue token.</param>
            <returns> IAsyncOperation representing the instance of the class.</returns>
        </member>
        <member name="M:Microsoft.IdentityModel.Clients.ActiveDirectory.AuthenticationContext.CreateAsync(System.String,System.Boolean)">
            <summary>
            Factory method to create the context with the address of the authority and flag to turn address validation off.
            Using this constructor, address validation can be turned off. Make sure you are aware of the security implication of not validating the address.
            </summary>
            <param name="authority">Address of the authority to issue token.</param>
            <param name="validateAuthority">Flag to turn address validation ON or OFF.</param>
            <returns> IAsyncOperation representing the instance of the class.</returns>
        </member>
        <member name="M:Microsoft.IdentityModel.Clients.ActiveDirectory.AuthenticationContext.CreateAsync(System.String,System.Boolean,Windows.Foundation.Collections.IMap{Microsoft.IdentityModel.Clients.ActiveDirectory.TokenCacheKey,System.String})">
            <summary>
            Factory method to create the context with the address of the authority and flag to turn address validation off.
            Using this constructor, address validation can be turned off. Make sure you are aware of the security implication of not validating the address.
            </summary>
            <param name="authority">Address of the authority to issue token.</param>
            <param name="validateAuthority">Flag to turn address validation ON or OFF.</param>
            <param name="tokenCacheStore">User provided cache implementation instance.</param>
            <returns> IAsyncOperation representing the instance of the class.</returns>
        </member>
        <member name="M:Microsoft.IdentityModel.Clients.ActiveDirectory.AuthenticationContext.AcquireTokenSilentlyAsync(System.String,System.String,System.String)">
            <summary>
            Acquires security token from the cache ONLY and if the expiration is within threshold window, refresh it.
            </summary>
            <param name="resource">Identifier of the target resource that is the recipient of the requested token.</param>
            <param name="clientId">Identifier of the client requesting the token.</param>
            <param name="userId">User name Identifier. This parameter can be null.</param>
            <returns>It contains Access Token, Refresh Token and the Access Token's expiration time.</returns>
        </member>
        <member name="M:Microsoft.IdentityModel.Clients.ActiveDirectory.AuthenticationContext.AcquireTokenSilentlyAsync(System.String,System.String)">
            <summary>
            Acquires security token from the cache ONLY and if the expiration is within threshold window, refresh it.
            </summary>
            <param name="resource">Identifier of the target resource that is the recipient of the requested token.</param>
            <param name="clientId">Identifier of the client requesting the token.</param>\
            <returns>It contains Access Token, Refresh Token and the Access Token's expiration time.</returns>
        </member>
        <member name="M:Microsoft.IdentityModel.Clients.ActiveDirectory.AuthenticationContext.AcquireTokenAndContinue(System.String,System.String,Microsoft.IdentityModel.Clients.ActiveDirectory.AuthenticationContextDelegate)">
            <summary>
            Acquires security token from the authority in SSO mode.
            </summary>
            <param name="resource">Identifier of the target resource that is the recipient of the requested token.</param>
            <param name="clientId">Identifier of the client requesting the token.</param>
            <returns>It contains Access Token, Refresh Token and the Access Token's expiration time.</returns>
            <param name="authDelegate">Optional delegate that can be passed by the developer to process authentication result.</param>
        </member>
        <member name="M:Microsoft.IdentityModel.Clients.ActiveDirectory.AuthenticationContext.AcquireTokenAndContinue(System.String,System.String,Windows.Foundation.Uri,Microsoft.IdentityModel.Clients.ActiveDirectory.AuthenticationContextDelegate)">
            <summary>
            Acquires security token from the authority.
            </summary>
            <param name="resource">Identifier of the target resource that is the recipient of the requested token.</param>
            <param name="clientId">Identifier of the client requesting the token.</param>
            <param name="redirectUri">Address to return to upon receiving a response from the authority.</param>
            <param name="authDelegate">Optional delegate that can be passed by the developer to process authentication result.</param>
            <returns>It contains Access Token, Refresh Token and the Access Token's expiration time.</returns>
        </member>
        <member name="M:Microsoft.IdentityModel.Clients.ActiveDirectory.AuthenticationContext.AcquireTokenAndContinue(System.String,System.String,Windows.Foundation.Uri,System.String,System.String,Microsoft.IdentityModel.Clients.ActiveDirectory.AuthenticationContextDelegate)">
            <summary>
            Acquires security token from the authority.
            </summary>
            <param name="resource">Identifier of the target resource that is the recipient of the requested token.</param>
            <param name="clientId">Identifier of the client requesting the token.</param>
            <param name="redirectUri">Address to return to upon receiving a response from the authority.</param>
            <param name="userId">This parameter will be used to pre-populate the username field in the authentication form. This parameter can be null.</param>
            <param name="extraQueryParameters">This parameter will be appended as is to the query string in the HTTP authentication request to the authority. The parameter can be null.</param>
            <param name="authDelegate">Optional delegate that can be passed by the developer to process authentication result.</param>
            <returns>It contains Access Token, Refresh Token and the Access Token's expiration time.</returns>
        </member>
        <member name="M:Microsoft.IdentityModel.Clients.ActiveDirectory.AuthenticationContext.AcquireTokenAndContinue(System.String,System.String,Windows.Foundation.Uri,System.String,Microsoft.IdentityModel.Clients.ActiveDirectory.AuthenticationContextDelegate)">
            <summary>
            Acquires security token from the authority.
            </summary>
            <param name="resource">Identifier of the target resource that is the recipient of the requested token.</param>
            <param name="clientId">Identifier of the client requesting the token.</param>
            <param name="redirectUri">Address to return to upon receiving a response from the authority.</param>
            <param name="extraQueryParameters">This parameter will be appended as is to the query string in the HTTP authentication request to the authority. The parameter can be null.</param>
            <param name="authDelegate">Optional delegate that can be passed by the developer to process authentication result.</param>
            <returns>It contains Access Token, Refresh Token and the Access Token's expiration time.</returns>
        </member>
        <member name="M:Microsoft.IdentityModel.Clients.ActiveDirectory.AuthenticationContext.AcquireTokenAndContinue(System.String,System.String,System.String,System.String,Microsoft.IdentityModel.Clients.ActiveDirectory.AuthenticationContextDelegate)">
            <summary>
            Acquires security token from the authority.
            </summary>
            <param name="resource">Identifier of the target resource that is the recipient of the requested token.</param>
            <param name="clientId">Identifier of the client requesting the token.</param>
            <param name="userId">This parameter will be used to pre-populate the username field in the authentication form. Please note that the end user can still edit the username field and authenticate as a different user. This parameter can be null.</param>
            <param name="extraQueryParameters">This parameter will be appended as is to the query string in the HTTP authentication request to the authority. The parameter can be null.</param>
            <param name="authDelegate">Optional delegate that can be passed by the developer to process authentication result.</param>
            <returns>It contains Access Token, Refresh Token and the Access Token's expiration time.</returns>
        </member>
        <member name="M:Microsoft.IdentityModel.Clients.ActiveDirectory.AuthenticationContext.AcquireTokenByRefreshTokenAsync(System.String,System.String)">
            <summary>
            Acquires a security token from the authority using a Refresh Token previously received.
            </summary>
            <param name="refreshToken">Refresh Token to use in the refresh flow.</param>
            <param name="clientId">Name or ID of the client requesting the token.</param>
            <returns>It contains Access Token, Refresh Token and the Access Token's expiration time.</returns>
        </member>
        <member name="M:Microsoft.IdentityModel.Clients.ActiveDirectory.AuthenticationContext.AcquireTokenByRefreshTokenAsync(System.String,System.String,System.String)">
            <summary>
            Acquires a security token from the authority using a Refresh Token previously received.
            </summary>
            <param name="refreshToken">Refresh Token to use in the refresh flow.</param>
            <param name="clientId">Name or ID of the client requesting the token.</param>
            <param name="resource">Identifier of the target resource that is the recipient of the requested token. If null, token is requested for the same resource refresh token was originally issued for.
            If passed, resource should match the original resource used to acquire refresh token unless token service supports refresh token for multiple resources.</param>
            <returns>It contains Access Token, Refresh Token and the Access Token's expiration time.</returns>
        </member>
        <member name="M:Microsoft.IdentityModel.Clients.ActiveDirectory.AuthenticationContext.ContinueAcquireToken(Windows.ApplicationModel.Activation.IWebAuthenticationBrokerContinuationEventArgs)">
            <summary>
            
            </summary>
            <param name="args"></param>
            <returns></returns>
        </member>
        <member name="M:Microsoft.IdentityModel.Clients.ActiveDirectory.AuthenticationContext.#ctor(System.String)">
            <summary>
            Constructor to create the context with the address of the authority.
            Using this constructor will turn ON validation of the authority URL by default if validation is supported for the authority address.
            </summary>
            <param name="authority">Address of the authority to issue token.</param>
        </member>
        <member name="P:Microsoft.IdentityModel.Clients.ActiveDirectory.AuthenticationContext.UseCorporateNetwork">
            <summary>
            Gets or Sets flag to enable logged in user authentication. Note that enabling this flag requires some extra application capabilites.
            </summary>
        </member>
        <member name="P:Microsoft.IdentityModel.Clients.ActiveDirectory.AuthenticationContext.Authority">
            <summary>
            Gets address of the authority to issue token.
            </summary>
        </member>
        <member name="P:Microsoft.IdentityModel.Clients.ActiveDirectory.AuthenticationContext.ValidateAuthority">
            <summary>
            Gets a value indicating whether address validation is ON or OFF.
            </summary>
        </member>
        <member name="P:Microsoft.IdentityModel.Clients.ActiveDirectory.AuthenticationContext.TokenCacheStore">
            <summary>
            Property to provide storage for ADAL's token cache. By default, TokenCacheStore is set a persistent store based on application's local settings. 
            Library will automatically save tokens in default TokenCacheStore whenever you obtain them. Cached tokens will be available only to the application that saved them. 
            Cached tokens in default TokenCacheStore will outlive the application's execution, and will be available in subsequent runs.
            To turn OFF token caching, set TokenCacheStore to null. 
            </summary>
        </member>
        <member name="P:Microsoft.IdentityModel.Clients.ActiveDirectory.AuthenticationContext.CorrelationId">
            <summary>
            Gets or sets correlation Id which would be sent to the service with the next request. 
            Correlation Id is to be used for diagnostics purposes. 
            </summary>
        </member>
        <member name="T:Microsoft.IdentityModel.Clients.ActiveDirectory.AuthenticationParameters">
            <summary>
            Contains authentication parameters based on unauthorized response from resource server.
            </summary>
            <summary>
            Contains authentication parameters based on unauthorized response from resource server.
            </summary>
        </member>
        <member name="M:Microsoft.IdentityModel.Clients.ActiveDirectory.AuthenticationParameters.CreateFromResourceUrlAsync(Windows.Foundation.Uri)">
            <summary>
            Creates authentication parameters from address of the resource. This method expects the resource server to return unauthorized response
            with WWW-Authenticate header containing authentication parameters.
            </summary>
            <param name="resourceUrl">Address of the resource</param>
            <returns>AuthenticationParameters object containing authentication parameters</returns>
        </member>
        <member name="M:Microsoft.IdentityModel.Clients.ActiveDirectory.AuthenticationParameters.CreateFromResponseAuthenticateHeader(System.String)">
            <summary>
            Creates authentication parameters from the WWW-Authenticate header in response received from resource. This method expects the header to contain authentication parameters.
            </summary>
            <param name="authenticateHeader">Content of header WWW-Authenticate header</param>
            <returns>AuthenticationParameters object containing authentication parameters</returns>
        </member>
        <member name="P:Microsoft.IdentityModel.Clients.ActiveDirectory.AuthenticationParameters.Authority">
            <summary>
            Gets or sets the address of the authority to issue token.
            </summary>
        </member>
        <member name="P:Microsoft.IdentityModel.Clients.ActiveDirectory.AuthenticationParameters.Resource">
            <summary>
            Gets or sets the identifier of the target resource that is the recipient of the requested token.
            </summary>
        </member>
        <member name="T:Microsoft.IdentityModel.Clients.ActiveDirectory.AuthenticationStatus">
            <summary>
            Represents the outcome of one authentication operation.
            </summary>
        </member>
        <member name="F:Microsoft.IdentityModel.Clients.ActiveDirectory.AuthenticationStatus.Succeeded">
            <summary>
            Authentication Succeeded.
            </summary>
        </member>
        <member name="F:Microsoft.IdentityModel.Clients.ActiveDirectory.AuthenticationStatus.Failed">
            <summary>
            Authentication Failed.
            </summary>
        </member>
        <member name="T:Microsoft.IdentityModel.Clients.ActiveDirectory.AuthenticationResult">
            <summary>
            Contains the results of one token acquisition operation. 
            It can either contain the requested token (and supporting data) or information about why the token acquisition failed.
            </summary>
            <summary>
            Contains the results of one token acquisition operation. 
            </summary>
        </member>
        <member name="M:Microsoft.IdentityModel.Clients.ActiveDirectory.AuthenticationResult.#ctor(System.String,System.String,System.String,System.DateTimeOffset)">
            <summary>
            Creates result returned from AcquireToken. Except in advanced scenarios related to token caching, you do not need to create any instance of AuthenticationResult.
            </summary>
            <param name="accessTokenType">Type of the Access Token returned</param>
            <param name="accessToken">The Access Token requested</param>
            <param name="refreshToken">The Refresh Token associated with the requested Access Token</param>
            <param name="expiresOn">The point in time in which the Access Token returned in the AccessToken property ceases to be valid</param>
        </member>
        <member name="M:Microsoft.IdentityModel.Clients.ActiveDirectory.AuthenticationResult.Deserialize(System.String)">
            <summary>
            Serializes the object to a JSON string
            </summary>
            <returns>Deserialized authentication result</returns>
        </member>
        <member name="M:Microsoft.IdentityModel.Clients.ActiveDirectory.AuthenticationResult.CreateAuthorizationHeader">
            <summary>
            Creates authorization header from authentication result.
            </summary>
            <returns>Created authorization header</returns>
        </member>
        <member name="M:Microsoft.IdentityModel.Clients.ActiveDirectory.AuthenticationResult.Serialize">
            <summary>
            Serializes the object to a JSON string
            </summary>
            <returns>Serialized authentication result</returns>
        </member>
        <member name="P:Microsoft.IdentityModel.Clients.ActiveDirectory.AuthenticationResult.Status">
            <summary>
            Gets the outcome of the token acquisition operation.
            </summary>
        </member>
        <member name="P:Microsoft.IdentityModel.Clients.ActiveDirectory.AuthenticationResult.Error">
            <summary>
            Gets provides error type in case of error.
            </summary>
        </member>
        <member name="P:Microsoft.IdentityModel.Clients.ActiveDirectory.AuthenticationResult.ErrorDescription">
            <summary>
            Gets detailed information in case of error.
            </summary>
        </member>
        <member name="P:Microsoft.IdentityModel.Clients.ActiveDirectory.AuthenticationResult.AccessTokenType">
            <summary>
            Gets the type of the Access Token returned. 
            </summary>
        </member>
        <member name="P:Microsoft.IdentityModel.Clients.ActiveDirectory.AuthenticationResult.AccessToken">
            <summary>
            Gets the Access Token requested.
            </summary>
        </member>
        <member name="P:Microsoft.IdentityModel.Clients.ActiveDirectory.AuthenticationResult.RefreshToken">
            <summary>
            Gets the Refresh Token associated with the requested Access Token. Note: not all operations will return a Refresh Token.
            </summary>
        </member>
        <member name="P:Microsoft.IdentityModel.Clients.ActiveDirectory.AuthenticationResult.ExpiresOn">
            <summary>
            Gets the point in time in which the Access Token returned in the AccessToken property ceases to be valid.
            This value is calculated based on current UTC time measured locally and the value expiresIn received from the service.
            </summary>
        </member>
        <member name="P:Microsoft.IdentityModel.Clients.ActiveDirectory.AuthenticationResult.TenantId">
            <summary>
            Gets an identifier for the tenant the token was acquired from. This property will be null if tenant information is not returned by the service.
            </summary>
        </member>
        <member name="P:Microsoft.IdentityModel.Clients.ActiveDirectory.AuthenticationResult.UserInfo">
            <summary>
            Gets user information including user Id. Some elements in UserInfo might be null if not returned by the service.
            </summary>
        </member>
        <member name="P:Microsoft.IdentityModel.Clients.ActiveDirectory.AuthenticationResult.IsMultipleResourceRefreshToken">
            <summary>
            Gets a value indicating whether the refresh token can be used for requesting access token for other resources.
            </summary>
        </member>
        <member name="M:Microsoft.IdentityModel.Clients.ActiveDirectory.ActiveDirectoryAuthenticationException.#ctor">
            <summary>
             Initializes a new instance of the exception class.
            </summary>
        </member>
        <member name="M:Microsoft.IdentityModel.Clients.ActiveDirectory.ActiveDirectoryAuthenticationException.#ctor(System.String)">
            <summary>
             Initializes a new instance of the exception class with a specified
             error code.
            </summary>
            <param name="errorCode">The error code returned by the service or generated by client. This is the code you can rely on for exception handling.</param>
        </member>
        <member name="M:Microsoft.IdentityModel.Clients.ActiveDirectory.ActiveDirectoryAuthenticationException.#ctor(System.String,System.String)">
            <summary>
             Initializes a new instance of the exception class with a specified
             error code and error message.
            </summary>
            <param name="errorCode">The error code returned by the service or generated by client. This is the code you can rely on for exception handling.</param>
            <param name="message">The error message that explains the reason for the exception.</param>
        </member>
        <member name="M:Microsoft.IdentityModel.Clients.ActiveDirectory.ActiveDirectoryAuthenticationException.#ctor(System.String,System.Exception)">
            <summary>
             Initializes a new instance of the exception class with a specified
             error code and a reference to the inner exception that is the cause of
             this exception.
            </summary>
            <param name="errorCode">The error code returned by the service or generated by client. This is the code you can rely on for exception handling.</param>
            <param name="innerException">The exception that is the cause of the current exception, or a null reference if no inner exception is specified. It may especially contain the actual error message returned by the service.</param>
        </member>
        <member name="M:Microsoft.IdentityModel.Clients.ActiveDirectory.ActiveDirectoryAuthenticationException.#ctor(System.String,System.String,System.Exception)">
            <summary>
             Initializes a new instance of the exception class with a specified
             error code, error message and a reference to the inner exception that is the cause of
             this exception.
            </summary>
            <param name="errorCode">The error code returned by the service or generated by client. This is the code you can rely on for exception handling.</param>
            <param name="message">The error message that explains the reason for the exception.</param>
            <param name="innerException">The exception that is the cause of the current exception, or a null reference if no inner exception is specified. It may especially contain the actual error message returned by the service.</param>
        </member>
        <member name="P:Microsoft.IdentityModel.Clients.ActiveDirectory.ActiveDirectoryAuthenticationException.ErrorCode">
            <summary>
            Gets the error code returned by the service or generated by client. This is the code you can rely on for exception handling.
            </summary>
        </member>
        <member name="P:Microsoft.IdentityModel.Clients.ActiveDirectory.ActiveDirectoryAuthenticationException.InnerStatusCode">
            <summary>
            Gets the status code returned from http layer. This status code is either the HttpStatusCode in the inner WebException response or
            NavigateError Event Status Code in browser based flow (See http://msdn.microsoft.com/en-us/library/bb268233(v=vs.85).aspx).
            You can use this code for purposes such as implementing retry logic or error investigation.
            </summary>
        </member>
        <member name="F:Microsoft.IdentityModel.Clients.ActiveDirectory.AdalIdParameter.Product">
            <summary>
            ADAL Flavor: .NET or WinRT
            </summary>
        </member>
        <member name="F:Microsoft.IdentityModel.Clients.ActiveDirectory.AdalIdParameter.Version">
            <summary>
            ADAL assembly version
            </summary>
        </member>
        <member name="F:Microsoft.IdentityModel.Clients.ActiveDirectory.AdalIdParameter.CpuPlatform">
            <summary>
            CPU platform with x86, x64 or ARM as value
            </summary>
        </member>
        <member name="F:Microsoft.IdentityModel.Clients.ActiveDirectory.AdalIdParameter.OS">
            <summary>
            Version of the operating system. This will not be sent on WinRT
            </summary>
        </member>
        <member name="F:Microsoft.IdentityModel.Clients.ActiveDirectory.AdalIdParameter.DeviceModel">
            <summary>
            Device model. This will not be sent on .NET
            </summary>
        </member>
        <member name="T:Microsoft.IdentityModel.Clients.ActiveDirectory.AdalIdHelper">
            <summary>
            This class adds additional query parameters or headers to the requests sent to STS. This can help us in
            collecting statistics and potentially on diagnostics.
            </summary>
        </member>
        <member name="F:Microsoft.IdentityModel.Clients.ActiveDirectory.ActiveDirectoryAuthenticationError.Unknown">
            <summary>
            Unknown error.
            </summary>
        </member>
        <member name="F:Microsoft.IdentityModel.Clients.ActiveDirectory.ActiveDirectoryAuthenticationError.InvalidArgument">
            <summary>
            Invalid argument.
            </summary>
        </member>
        <member name="F:Microsoft.IdentityModel.Clients.ActiveDirectory.ActiveDirectoryAuthenticationError.AuthenticationFailed">
            <summary>
            Authentication failed.
            </summary>
        </member>
        <member name="F:Microsoft.IdentityModel.Clients.ActiveDirectory.ActiveDirectoryAuthenticationError.AuthenticationCanceled">
            <summary>
            Authentication canceled.
            </summary>
        </member>
        <member name="F:Microsoft.IdentityModel.Clients.ActiveDirectory.ActiveDirectoryAuthenticationError.UnauthorizedResponseExpected">
            <summary>
            Unauthorized response expected from resource server.
            </summary>
        </member>
        <member name="F:Microsoft.IdentityModel.Clients.ActiveDirectory.ActiveDirectoryAuthenticationError.AuthorityNotInValidList">
            <summary>
            'authority' is not in the list of valid addresses.
            </summary>
        </member>
        <member name="F:Microsoft.IdentityModel.Clients.ActiveDirectory.ActiveDirectoryAuthenticationError.AssemblyLoadFailed">
            <summary>
            Loading required assembly failed.
            </summary>
        </member>
        <member name="F:Microsoft.IdentityModel.Clients.ActiveDirectory.ActiveDirectoryAuthenticationError.InvalidOwnerWindowType">
            <summary>
            Loading required assembly failed.
            </summary>
        </member>
        <member name="F:Microsoft.IdentityModel.Clients.ActiveDirectory.ActiveDirectoryAuthenticationError.MultipleTokensMatched">
            <summary>
            MultipleTokensMatched were matched.
            </summary>
        </member>
        <member name="F:Microsoft.IdentityModel.Clients.ActiveDirectory.ActiveDirectoryAuthenticationError.InvalidAuthorityType">
            <summary>
            Invalid authority type.
            </summary>
        </member>
        <member name="F:Microsoft.IdentityModel.Clients.ActiveDirectory.ActiveDirectoryAuthenticationError.InvalidCredentialType">
            <summary>
            Invalid credential type.
            </summary>
        </member>
        <member name="F:Microsoft.IdentityModel.Clients.ActiveDirectory.ActiveDirectoryAuthenticationError.InvalidServiceUrl">
            <summary>
            Invalid service URL.
            </summary>
        </member>
        <member name="F:Microsoft.IdentityModel.Clients.ActiveDirectory.ActiveDirectoryAuthenticationError.FailedToAcquireTokenSilently">
            <summary>
            failed_to_acquire_token_silently.
            </summary>
        </member>
        <member name="F:Microsoft.IdentityModel.Clients.ActiveDirectory.ActiveDirectoryAuthenticationError.CertificateKeySizeTooSmall">
            <summary>
            Certificate key size too small.
            </summary>
        </member>
        <member name="F:Microsoft.IdentityModel.Clients.ActiveDirectory.ActiveDirectoryAuthenticationError.IdentityProtocolLoginUrlNull">
            <summary>
            Identity protocol login URL Null.
            </summary>
        </member>
        <member name="F:Microsoft.IdentityModel.Clients.ActiveDirectory.ActiveDirectoryAuthenticationError.IdentityProtocolMismatch">
            <summary>
            Identity protocol mismatch.
            </summary>
        </member>
        <member name="F:Microsoft.IdentityModel.Clients.ActiveDirectory.ActiveDirectoryAuthenticationError.EmailAddressSuffixMismatch">
            <summary>
            Email address suffix mismatch.
            </summary>
        </member>
        <member name="F:Microsoft.IdentityModel.Clients.ActiveDirectory.ActiveDirectoryAuthenticationError.IdentityProviderRequestFailed">
            <summary>
            Identity provider request failed.
            </summary>
        </member>
        <member name="F:Microsoft.IdentityModel.Clients.ActiveDirectory.ActiveDirectoryAuthenticationError.StsTokenRequestFailed">
            <summary>
            STS token request failed.
            </summary>
        </member>
        <member name="F:Microsoft.IdentityModel.Clients.ActiveDirectory.ActiveDirectoryAuthenticationError.EncodedTokenTooLong">
            <summary>
            Encoded token too long.
            </summary>
        </member>
        <member name="F:Microsoft.IdentityModel.Clients.ActiveDirectory.ActiveDirectoryAuthenticationError.ServiceUnavailable">
            <summary>
            Service unavailable.
            </summary>
        </member>
        <member name="F:Microsoft.IdentityModel.Clients.ActiveDirectory.ActiveDirectoryAuthenticationError.ServiceReturnedError">
            <summary>
            Service returned error.
            </summary>
        </member>
        <member name="F:Microsoft.IdentityModel.Clients.ActiveDirectory.ActiveDirectoryAuthenticationError.FederatedServiceReturnedError">
            <summary>
            Federated service returned error.
            </summary>
        </member>
        <member name="F:Microsoft.IdentityModel.Clients.ActiveDirectory.ActiveDirectoryAuthenticationError.StsMetadataRequestFailed">
            <summary>
            STS metadata request failed.
            </summary>
        </member>
        <member name="F:Microsoft.IdentityModel.Clients.ActiveDirectory.ActiveDirectoryAuthenticationError.NoDataFromSts">
            <summary>
            No data from STS.
            </summary>
        </member>
        <member name="F:Microsoft.IdentityModel.Clients.ActiveDirectory.ActiveDirectoryAuthenticationError.UserMismatch">
            <summary>
            User Mismatch.
            </summary>
        </member>
        <member name="F:Microsoft.IdentityModel.Clients.ActiveDirectory.ActiveDirectoryAuthenticationError.UnknownUserType">
            <summary>
            Unknown User Type.
            </summary>
        </member>
        <member name="F:Microsoft.IdentityModel.Clients.ActiveDirectory.ActiveDirectoryAuthenticationError.UnknownUser">
            <summary>
            Unknown User.
            </summary>
        </member>
        <member name="F:Microsoft.IdentityModel.Clients.ActiveDirectory.ActiveDirectoryAuthenticationError.UserRealmDiscoveryFailed">
            <summary>
            User Realm Discovery Failed.
            </summary>
        </member>
        <member name="F:Microsoft.IdentityModel.Clients.ActiveDirectory.ActiveDirectoryAuthenticationError.AccessingWsMetadataExchangeFailed">
            <summary>
            Accessing WS Metadata Exchange Failed.
            </summary>
        </member>
        <member name="F:Microsoft.IdentityModel.Clients.ActiveDirectory.ActiveDirectoryAuthenticationError.ParsingWsMetadataExchangeFailed">
            <summary>
            Parsing WS Metadata Exchange Failed.
            </summary>
        </member>
        <member name="F:Microsoft.IdentityModel.Clients.ActiveDirectory.ActiveDirectoryAuthenticationError.WsTrustEndpointNotFoundInMetadataDocument">
            <summary>
            WS-Trust Endpoint Not Found in Metadata Document.
            </summary>
        </member>
        <member name="F:Microsoft.IdentityModel.Clients.ActiveDirectory.ActiveDirectoryAuthenticationError.ParsingWsTrustResponseFailed">
            <summary>
            Parsing WS-Trust Response Failed.
            </summary>
        </member>
        <member name="F:Microsoft.IdentityModel.Clients.ActiveDirectory.ActiveDirectoryAuthenticationError.NetworkNotAvailable">
            <summary>
            The request could not be preformed because the network is down.
            </summary>
        </member>
        <member name="F:Microsoft.IdentityModel.Clients.ActiveDirectory.ActiveDirectoryAuthenticationError.AuthenticationUiFailed">
            <summary>
            The request could not be preformed because of an unknown failure in the UI flow.
            </summary>
        </member>
        <member name="F:Microsoft.IdentityModel.Clients.ActiveDirectory.ActiveDirectoryAuthenticationError.UserInteractionRequired">
            <summary>
            One of two conditions was encountered.
            1. The PromptBehavior.Never flag was passed and but the constraint could not be honored 
               because user interaction was required.
            2. An error occurred during a silent web authentication that prevented the authentication
               flow from completing in a short enough time frame.
            </summary>
        </member>
        <member name="T:Microsoft.IdentityModel.Clients.ActiveDirectory.ActiveDirectoryAuthenticationErrorMessage">
            <summary>
            The active directory authentication error message.
            </summary>
        </member>
        <member name="T:Microsoft.IdentityModel.Clients.ActiveDirectory.EncodingHelper">
            <summary>
            The encoding helper.
            </summary>
        </member>
        <member name="T:Microsoft.IdentityModel.Clients.ActiveDirectory.TokenCacheKeyElement">
            <summary>
            ID of the elements which can be used in creating token cache key. Depending on the AcquireToken method used, different elements might be contained in a token cache key
            </summary>
        </member>
        <member name="F:Microsoft.IdentityModel.Clients.ActiveDirectory.TokenCacheKeyElement.Authority">
            <summary>
            Authority uri
            </summary>
        </member>
        <member name="F:Microsoft.IdentityModel.Clients.ActiveDirectory.TokenCacheKeyElement.Resource">
            <summary>
            Resource id
            </summary>
        </member>
        <member name="F:Microsoft.IdentityModel.Clients.ActiveDirectory.TokenCacheKeyElement.ClientId">
            <summary>
            Client id
            </summary>
        </member>
        <member name="F:Microsoft.IdentityModel.Clients.ActiveDirectory.TokenCacheKeyElement.CredentialHash">
            <summary>
            Hash created from credential passed to acquire token
            </summary>
        </member>
        <member name="F:Microsoft.IdentityModel.Clients.ActiveDirectory.TokenCacheKeyElement.IdentityProviderName">
            <summary>
            Name of the identity provider
            </summary>
        </member>
        <member name="F:Microsoft.IdentityModel.Clients.ActiveDirectory.TokenCacheKeyElement.User">
            <summary>
            User (in interactive flow, user can be passed as login_hint parameter)
            </summary>
        </member>
        <member name="T:Microsoft.IdentityModel.Clients.ActiveDirectory.TokenCacheKeyElements">
            <summary>
            Lists the elements which were used in creating token cache key. Depending on the AcquireToken method used, some properties may be null which means they were not included in the cache key.
            </summary>
        </member>
        <member name="P:Microsoft.IdentityModel.Clients.ActiveDirectory.TokenCacheKeyElements.Authority">
            <summary>
            Gets or sets Authority
            </summary>
        </member>
        <member name="P:Microsoft.IdentityModel.Clients.ActiveDirectory.TokenCacheKeyElements.Resource">
            <summary>
            Gets or sets Resource
            </summary>
        </member>
        <member name="P:Microsoft.IdentityModel.Clients.ActiveDirectory.TokenCacheKeyElements.ClientId">
            <summary>
            Gets or sets Client Id
            </summary>
        </member>
        <member name="P:Microsoft.IdentityModel.Clients.ActiveDirectory.TokenCacheKeyElements.CredentialHash">
            <summary>
            Gets or sets hash created from credential passed to acquire token
            </summary>
        </member>
        <member name="P:Microsoft.IdentityModel.Clients.ActiveDirectory.TokenCacheKeyElements.IdentityProviderName">
            <summary>
            Gets or sets name of the identity provider
            </summary>
        </member>
        <member name="P:Microsoft.IdentityModel.Clients.ActiveDirectory.TokenCacheKeyElements.User">
            <summary>
            Gets or sets user (in interactive flow, user can be passed as login_hint parameter)
            </summary>
        </member>
        <member name="T:Microsoft.IdentityModel.Clients.ActiveDirectory.TokenCacheEncoding">
            <summary>
            Helper class to perform decoding and encoding operations on token cache keys and values
            </summary>
        </member>
        <member name="M:Microsoft.IdentityModel.Clients.ActiveDirectory.TokenCacheEncoding.DecodeCacheValue(System.String)">
            <summary>
            Decodes token cache value in form of authentication result which is the output of AcquireToken
            </summary>
            <param name="cacheValue">Token cache value</param>
            <returns>Authentication result decoded from token cache value. Null if input is null.</returns>
        </member>
        <member name="M:Microsoft.IdentityModel.Clients.ActiveDirectory.TokenCacheEncoding.EncodeCacheValue(Microsoft.IdentityModel.Clients.ActiveDirectory.AuthenticationResult)">
            <summary>
            Encodes authentication result which is the output of AcquireToken in form of token cache value.
            </summary>
            <param name="result">Authentication result</param>
            <returns>Token cache value created by encoding authentication result</returns>
        </member>
        <member name="T:Microsoft.IdentityModel.Clients.ActiveDirectory.TokenCacheKey">
            <summary>
            <see cref="T:Microsoft.IdentityModel.Clients.ActiveDirectory.TokenCacheKey" /> can be used with Linq to access items from the <see cref="P:Microsoft.IdentityModel.Clients.ActiveDirectory.AuthenticationContext.TokenCacheStore" />.
            </summary>
        </member>
        <member name="M:Microsoft.IdentityModel.Clients.ActiveDirectory.TokenCacheKey.#ctor">
            <summary>
            Default constructor.
            </summary>
        </member>
        <member name="M:Microsoft.IdentityModel.Clients.ActiveDirectory.TokenCacheKey.#ctor(Microsoft.IdentityModel.Clients.ActiveDirectory.AuthenticationResult)">
            <summary>
            Instantiates a key from a <see cref="T:Microsoft.IdentityModel.Clients.ActiveDirectory.AuthenticationResult" />, it can be null.
            </summary>
            <param name="result">Result used for creating cache key</param>
        </member>
        <member name="M:Microsoft.IdentityModel.Clients.ActiveDirectory.TokenCacheKey.Equals(System.Object)">
            <summary>
            Determines whether the specified object is equal to the current object.
            </summary>
            <returns>
            true if the specified object is equal to the current object; otherwise, false.
            </returns>
            <param name="obj">The object to compare with the current object. </param><filterpriority>2</filterpriority>
        </member>
        <member name="M:Microsoft.IdentityModel.Clients.ActiveDirectory.TokenCacheKey.Equals(Microsoft.IdentityModel.Clients.ActiveDirectory.TokenCacheKey)">
            <summary>
            Determines whether the specified TokenCacheKey is equal to the current object.
            </summary>
            <returns>
            true if the specified TokenCacheKey is equal to the current object; otherwise, false.
            </returns>
            <param name="other">The TokenCacheKey to compare with the current object. </param><filterpriority>2</filterpriority>
        </member>
        <member name="M:Microsoft.IdentityModel.Clients.ActiveDirectory.TokenCacheKey.GetHashCode">
            <summary>
            Returns the hash code for this TokenCacheKey.
            </summary>
            <returns>
            A 32-bit signed integer hash code.
            </returns>
        </member>
        <member name="P:Microsoft.IdentityModel.Clients.ActiveDirectory.TokenCacheKey.Authority">
            <summary>
            Gets or sets the Authority.
            </summary>
        </member>
        <member name="P:Microsoft.IdentityModel.Clients.ActiveDirectory.TokenCacheKey.ClientId">
            <summary>
            Gets or sets the ClientId.
            </summary>
        </member>
        <member name="P:Microsoft.IdentityModel.Clients.ActiveDirectory.TokenCacheKey.ExpiresOn">
            <summary>
            Gets or sets the Expiration.
            </summary>
        </member>
        <member name="P:Microsoft.IdentityModel.Clients.ActiveDirectory.TokenCacheKey.FamilyName">
            <summary>
            Gets or sets the FamilyName.
            </summary>
        </member>
        <member name="P:Microsoft.IdentityModel.Clients.ActiveDirectory.TokenCacheKey.GivenName">
            <summary>
            Gets or sets the GivenName.
            </summary>
        </member>
        <member name="P:Microsoft.IdentityModel.Clients.ActiveDirectory.TokenCacheKey.IdentityProviderName">
            <summary>
            Gets or sets the IdentityProviderName.
            </summary>
        </member>
        <member name="P:Microsoft.IdentityModel.Clients.ActiveDirectory.TokenCacheKey.IsMultipleResourceRefreshToken">
            <summary>
            Gets or sets a value indicating whether the RefreshToken applies to multiple resources.
            </summary>
        </member>
        <member name="P:Microsoft.IdentityModel.Clients.ActiveDirectory.TokenCacheKey.IsUserIdDisplayable">
            <summary>
            Gets or sets a value indicating whether the UserId is a displayable.
            </summary>
        </member>
        <member name="P:Microsoft.IdentityModel.Clients.ActiveDirectory.TokenCacheKey.Resource">
            <summary>
            Gets or sets the Resource.
            </summary>
        </member>
        <member name="P:Microsoft.IdentityModel.Clients.ActiveDirectory.TokenCacheKey.TenantId">
            <summary>
            Gets or sets the TenantId.
            </summary>
        </member>
        <member name="P:Microsoft.IdentityModel.Clients.ActiveDirectory.TokenCacheKey.UserId">
            <summary>
            Gets or sets the UserId.
            </summary>
        </member>
        <member name="M:Microsoft.IdentityModel.Clients.ActiveDirectory.TokenCacheManager.QueryCache(System.String,System.String,System.String)">
            <summary>
            Queries all values in the cache that meet the passed in values, plus the 
            authority value that this AuthorizationContext was created with.  In every case passing
            null results in a wildcard evaluation.
            </summary>
        </member>
        <member name="T:Microsoft.IdentityModel.Clients.ActiveDirectory.UserAssertion">
            <summary>
            Credential type containing an assertion representing user credential.
            </summary>
        </member>
        <member name="M:Microsoft.IdentityModel.Clients.ActiveDirectory.UserAssertion.#ctor(System.String)">
            <summary>
            Constructor to create credential with assertion 
            </summary>
            <param name="assertion">Assertion representing the user.</param>
        </member>
        <member name="M:Microsoft.IdentityModel.Clients.ActiveDirectory.UserAssertion.#ctor(System.String,System.String)">
            <summary>
            Constructor to create credential with client id, assertion and assertionType
            </summary>
            <param name="assertion">Assertion representing the user.</param>
            <param name="assertionType">Type of the assertion representing the user.</param>
        </member>
        <member name="M:Microsoft.IdentityModel.Clients.ActiveDirectory.UserAssertion.#ctor(System.String,System.String,System.String)">
            <summary>
            Constructor to create credential with client id, assertion, assertionType and userId
            </summary>
            <param name="assertion">Assertion representing the user.</param>
            <param name="assertionType">Type of the assertion representing the user.</param>
            <param name="userId">Identity of the user token is requested for. This parameter can be null.</param>
        </member>
        <member name="P:Microsoft.IdentityModel.Clients.ActiveDirectory.UserAssertion.Assertion">
            <summary>
            Gets the assertion.
            </summary>
        </member>
        <member name="P:Microsoft.IdentityModel.Clients.ActiveDirectory.UserAssertion.AssertionType">
            <summary>
            Gets the assertion type.
            </summary>
        </member>
        <member name="P:Microsoft.IdentityModel.Clients.ActiveDirectory.UserAssertion.UserId">
            <summary>
            Gets identifier of the user.
            </summary>
        </member>
        <member name="T:Microsoft.IdentityModel.Clients.ActiveDirectory.UserCredential">
            <summary>
            Credential used for integrated authentication on domain-joined machines.
            </summary>
        </member>
        <member name="M:Microsoft.IdentityModel.Clients.ActiveDirectory.UserCredential.#ctor">
            <summary>
            Constructor to create user credential. Using this constructor would imply integrated authentication with logged in user
            and it can only be used in domain joined scenarios.
            </summary>
        </member>
        <member name="M:Microsoft.IdentityModel.Clients.ActiveDirectory.UserCredential.#ctor(System.String)">
            <summary>
            Constructor to create credential with client id and secret
            </summary>
            <param name="userId">Identifier of the user application requests token on behalf.</param>
        </member>
        <member name="M:Microsoft.IdentityModel.Clients.ActiveDirectory.UserCredential.#ctor(System.String,System.String)">
            <summary>
            Constructor to create credential with client id and secret
            </summary>
            <param name="userId">Identifier of the user application requests token on behalf.</param>
            <param name="password">User password.</param>
        </member>
        <member name="P:Microsoft.IdentityModel.Clients.ActiveDirectory.UserCredential.UserId">
            <summary>
            Gets identifier of the user.
            </summary>
        </member>
        <member name="T:Microsoft.IdentityModel.Clients.ActiveDirectory.UserInfo">
            <summary>
            Contains information of a single user. This information is used for token cache lookup. Also if created with userId, userId is sent to the service when login_hint is accepted.
            </summary>
        </member>
        <member name="P:Microsoft.IdentityModel.Clients.ActiveDirectory.UserInfo.UserId">
            <summary>
            Gets identifier of the user authenticated during token acquisition. 
            </summary>
        </member>
        <member name="P:Microsoft.IdentityModel.Clients.ActiveDirectory.UserInfo.IsUserIdDisplayable">
            <summary>
            Gets a value indicating whether UserId is displayable or not.
            </summary>
        </member>
        <member name="P:Microsoft.IdentityModel.Clients.ActiveDirectory.UserInfo.GivenName">
            <summary>
            Gets given name of the user if provided by the service. If not, the value is null. 
            </summary>
        </member>
        <member name="P:Microsoft.IdentityModel.Clients.ActiveDirectory.UserInfo.FamilyName">
            <summary>
            Gets family name of the user if provided by the service. If not, the value is null. 
            </summary>
        </member>
        <member name="P:Microsoft.IdentityModel.Clients.ActiveDirectory.UserInfo.IdentityProvider">
            <summary>
            Gets identity provider if returned by the service. If not, the value is null. 
            </summary>
        </member>
        <member name="T:Microsoft.IdentityModel.Clients.ActiveDirectory.DefaultTokenCacheStore">
            <summary>
            This class implements a persistent cache based on application local settings. It uses composite local settings which hold
            both TokenCacheKey properties and the cache value containing serialized version of AuthenticationResult as setting values.
            The key to local setting is simply a Guid for uniqueness. This may change in the future to improve performance if needed.
            </summary>
        </member>
        <member name="M:Microsoft.IdentityModel.Clients.ActiveDirectory.LocalSettingsHelper.SetCacheValue(Windows.Storage.ApplicationDataCompositeValue,System.String)">
            <summary>
            Sets cache value as a set of properties in local setting value.
            If the cache value is too large, it would split it into multiple properties of max 1KB.
            The number of segments of the value is stored in a separate property.
            </summary>
            <param name="compositeValue">Value in ApplicationDataCompositeValue format in application's local settings</param>
            <param name="value">string value to store in the cache</param>
        </member>
        <member name="M:Microsoft.IdentityModel.Clients.ActiveDirectory.LocalSettingsHelper.GetCacheValue(Windows.Storage.ApplicationDataCompositeValue)">
            <summary>
            Reads cache value from local settings and merge multiple properties if it is too long.
            The number of segments of the value is stored in a separate property.
            </summary>
            <param name="compositeValue">Value in ApplicationDataCompositeValue format in application's local settings</param>
            <returns></returns>
        </member>
        <member name="T:Microsoft.IdentityModel.Clients.ActiveDirectory.StorageFileEventListener">
            <summary>
            Code used from http://code.msdn.microsoft.com/Logging-Sample-for-Windows-0b9dffd7
            This is an advanced usage, where you want to intercept the logging messages and divert them somewhere
            besides ETW.
            </summary>
        </member>
        <member name="F:Microsoft.IdentityModel.Clients.ActiveDirectory.StorageFileEventListener.m_StorageFile">
            <summary>
            Storage file to be used to write logs
            </summary>
        </member>
        <member name="F:Microsoft.IdentityModel.Clients.ActiveDirectory.StorageFileEventListener.m_Name">
            <summary>
            Name of the current event listener
            </summary>
        </member>
        <member name="F:Microsoft.IdentityModel.Clients.ActiveDirectory.StorageFileEventListener.m_Format">
            <summary>
            The format to be used by logging.
            </summary>
        </member>
    </members>
</doc>
