﻿<?xml version="1.0" encoding="utf-8" ?>
<!--Created:cb85b80c-f585-40ff-8bfc-12ff4d0e34a9-->
<App xmlns="http://schemas.microsoft.com/sharepoint/2012/app/manifest"
     Name="SubSiteCreationApp"
     ProductID="{ac4c3a81-5f63-462a-8f3b-6a0e6ee112ec}"
     Version="1.0.0.0"
     SharePointMinVersion="15.0.0.0"
>
  <Properties>
    <Title>SubSiteCreationApp</Title>
    <StartPage>~remoteAppUrl/Pages/Default.aspx?{StandardTokens}</StartPage>
  </Properties>

  <AppPrincipal>
    <RemoteWebApplication ClientId="*" />
  </AppPrincipal>
  <AppPermissionRequests>
  </AppPermissionRequests>
</App>
