﻿<?xml version="1.0" encoding="utf-8" ?>
<!--Created:cb85b80c-f585-40ff-8bfc-12ff4d0e34a9-->
<App xmlns="http://schemas.microsoft.com/sharepoint/2012/app/manifest"
     Name="RemoteTimerJob"
     ProductID="{d8a9f569-b218-4a2f-9004-2e1293601c0f}"
     Version="1.0.0.0"
     SharePointMinVersion="16.0.0.0"
>
  <Properties>
    <Title>RemoteTimerJob</Title>
    <StartPage>~remoteAppUrl/Pages/Default.aspx?{StandardTokens}</StartPage>
  </Properties>

  <AppPrincipal>
    <RemoteWebApplication ClientId="*" />
  </AppPrincipal>
  <AppPermissionRequests>
    <AppPermissionRequest Scope="http://sharepoint/content/sitecollection/web" Right="FullControl" />
  </AppPermissionRequests>
</App>
