﻿<?xml version="1.0" encoding="utf-8"?>
<!--Created:cb85b80c-f585-40ff-8bfc-12ff4d0e34a9-->
<App xmlns="http://schemas.microsoft.com/sharepoint/2012/app/manifest" Name="DeployCustomTheme" ProductID="{1e345428-c2f9-4bf9-80ff-aa90e8b5ca44}" Version="1.0.0.0" SharePointMinVersion="15.0.0.0">
  <Properties>
    <Title>DeployCustomTheme</Title>
    <StartPage>https://localhost:44332/Pages/Default.aspx?{StandardTokens}</StartPage>
  </Properties>
  <AppPrincipal>
    <AutoDeployedWebApplication>
      <DebugInfo ClientSecret="TQ+bzUpUJ+vdfUZk5hQV7Wjc0i3pRv65n8bCvAQ585E=" AppUrl="https://localhost:44332/" />
    </AutoDeployedWebApplication>
  </AppPrincipal>
  <AppPermissionRequests></AppPermissionRequests>
</App>